Code,Description,ISIC Section,ISIC Section Heading,DSI Sector
1,"Crop and animal production, hunting and related service activities",A,"Agriculture, forestry and fishing",Animal and Plant Breeding
11,Growing of non-perennial crops,A,"Agriculture, forestry and fishing",Animal and Plant Breeding
111,"Growing of cereals (except rice), leguminous crops and oil seeds",A,"Agriculture, forestry and fishing",Animal and Plant Breeding
112,Growing of rice,A,"Agriculture, forestry and fishing",Animal and Plant Breeding
113,"Growing of vegetables and melons, roots and tubers",A,"Agriculture, forestry and fishing",Animal and Plant Breeding
114,Growing of sugar cane,A,"Agriculture, forestry and fishing",Animal and Plant Breeding
115,Growing of tobacco,A,"Agriculture, forestry and fishing",Animal and Plant Breeding
116,Growing of fibre crops,A,"Agriculture, forestry and fishing",Animal and Plant Breeding
119,Growing of other non-perennial crops,A,"Agriculture, forestry and fishing",Animal and Plant Breeding
12,Growing of perennial crops,A,"Agriculture, forestry and fishing",Animal and Plant Breeding
121,Growing of grapes,A,"Agriculture, forestry and fishing",Animal and Plant Breeding
122,Growing of tropical and subtropical fruits,A,"Agriculture, forestry and fishing",Animal and Plant Breeding
123,Growing of citrus fruits,A,"Agriculture, forestry and fishing",Animal and Plant Breeding
124,Growing of pome fruits and stone fruits,A,"Agriculture, forestry and fishing",Animal and Plant Breeding
125,Growing of other tree and bush fruits and nuts,A,"Agriculture, forestry and fishing",Animal and Plant Breeding
126,Growing of oleaginous fruits,A,"Agriculture, forestry and fishing",Animal and Plant Breeding
127,Growing of beverage crops,A,"Agriculture, forestry and fishing",Animal and Plant Breeding
128,"Growing of spices, aromatic, drug and pharmaceutical crops",A,"Agriculture, forestry and fishing",Animal and Plant Breeding
129,Growing of other perennial crops,A,"Agriculture, forestry and fishing",Animal and Plant Breeding
13,Plant propagation,A,"Agriculture, forestry and fishing",Animal and Plant Breeding
130,Plant propagation,A,"Agriculture, forestry and fishing",Animal and Plant Breeding
14,Animal production,A,"Agriculture, forestry and fishing",Animal and Plant Breeding
141,Raising of cattle and buffaloes,A,"Agriculture, forestry and fishing",Animal and Plant Breeding
142,Raising of horses and other equines,A,"Agriculture, forestry and fishing",Animal and Plant Breeding
143,Raising of camels and camelids,A,"Agriculture, forestry and fishing",Animal and Plant Breeding
144,Raising of sheep and goats,A,"Agriculture, forestry and fishing",Animal and Plant Breeding
145,Raising of swine/pigs,A,"Agriculture, forestry and fishing",Animal and Plant Breeding
146,Raising of poultry,A,"Agriculture, forestry and fishing",Animal and Plant Breeding
149,Raising of other animals,A,"Agriculture, forestry and fishing",Animal and Plant Breeding
15,Mixed farming,A,"Agriculture, forestry and fishing",Animal and Plant Breeding
150,Mixed farming,A,"Agriculture, forestry and fishing",Animal and Plant Breeding
16,Support activities to agriculture and post-harvest crop activities,A,"Agriculture, forestry and fishing",Animal and Plant Breeding
161,Support activities for crop production,A,"Agriculture, forestry and fishing",Animal and Plant Breeding
162,Support activities for animal production,A,"Agriculture, forestry and fishing",Animal and Plant Breeding
163,Post-harvest crop activities,A,"Agriculture, forestry and fishing",Animal and Plant Breeding
164,Seed processing for propagation,A,"Agriculture, forestry and fishing",Animal and Plant Breeding
17,"Hunting, trapping and related service activities",A,"Agriculture, forestry and fishing",Exclude DSI
170,"Hunting, trapping and related service activities",A,"Agriculture, forestry and fishing",Exclude DSI
2,Forestry and logging,A,"Agriculture, forestry and fishing",Animal and Plant Breeding
21,Silviculture and other forestry activities,A,"Agriculture, forestry and fishing",Animal and Plant Breeding
210,Silviculture and other forestry activities,A,"Agriculture, forestry and fishing",Animal and Plant Breeding
22,Logging,A,"Agriculture, forestry and fishing",Exclude DSI
220,Logging,A,"Agriculture, forestry and fishing",Exclude DSI
23,Gathering of non-wood forest products,A,"Agriculture, forestry and fishing",Animal and Plant Breeding
230,Gathering of non-wood forest products,A,"Agriculture, forestry and fishing",Animal and Plant Breeding
24,Support services to forestry,A,"Agriculture, forestry and fishing",Animal and Plant Breeding
240,Support services to forestry,A,"Agriculture, forestry and fishing",Animal and Plant Breeding
3,Fishing and aquaculture,A,"Agriculture, forestry and fishing",Animal and Plant Breeding
31,Fishing,A,"Agriculture, forestry and fishing",Animal and Plant Breeding
311,Marine fishing,A,"Agriculture, forestry and fishing",Animal and Plant Breeding
312,Freshwater fishing,A,"Agriculture, forestry and fishing",Animal and Plant Breeding
32,Aquaculture,A,"Agriculture, forestry and fishing",Animal and Plant Breeding
321,Marine aquaculture,A,"Agriculture, forestry and fishing",Animal and Plant Breeding
322,Freshwater aquaculture,A,"Agriculture, forestry and fishing",Animal and Plant Breeding
5,Mining of coal and lignite,B,Mining and quarrying,Exclude DSI
51,Mining of hard coal,B,Mining and quarrying,Exclude DSI
510,Mining of hard coal,B,Mining and quarrying,Exclude DSI
52,Mining of lignite,B,Mining and quarrying,Exclude DSI
520,Mining of lignite,B,Mining and quarrying,Exclude DSI
6,Extraction of crude petroleum and natural gas,B,Mining and quarrying,Exclude DSI
61,Extraction of crude petroleum,B,Mining and quarrying,Exclude DSI
610,Extraction of crude petroleum,B,Mining and quarrying,Exclude DSI
62,Extraction of natural gas,B,Mining and quarrying,Exclude DSI
620,Extraction of natural gas,B,Mining and quarrying,Exclude DSI
7,Mining of metal ores,B,Mining and quarrying,Exclude DSI
71,Mining of iron ores,B,Mining and quarrying,Exclude DSI
710,Mining of iron ores,B,Mining and quarrying,Exclude DSI
72,Mining of non-ferrous metal ores,B,Mining and quarrying,Exclude DSI
721,Mining of uranium and thorium ores,B,Mining and quarrying,Exclude DSI
729,Mining of other non-ferrous metal ores,B,Mining and quarrying,Exclude DSI
8,Other mining and quarrying,B,Mining and quarrying,Exclude DSI
81,"Quarrying of stone, sand and clay",B,Mining and quarrying,Exclude DSI
810,"Quarrying of stone, sand and clay",B,Mining and quarrying,Exclude DSI
89,Mining and quarrying n.e.c.,B,Mining and quarrying,Exclude DSI
891,Mining of chemical and fertilizer minerals,B,Mining and quarrying,Exclude DSI
892,Extraction of peat,B,Mining and quarrying,Exclude DSI
893,Extraction of salt,B,Mining and quarrying,Exclude DSI
899,Other mining and quarrying n.e.c.,B,Mining and quarrying,Exclude DSI
9,Mining support service activities,B,Mining and quarrying,Exclude DSI
91,Support activities for petroleum and natural gas extraction,B,Mining and quarrying,Exclude DSI
910,Support activities for petroleum and natural gas extraction,B,Mining and quarrying,Exclude DSI
99,Support activities for other mining and quarrying,B,Mining and quarrying,Exclude DSI
990,Support activities for other mining and quarrying,B,Mining and quarrying,Exclude DSI
10,Manufacture of food products,C,Manufacturing,Review DSI
101,Processing and preserving of meat,C,Manufacturing,Review DSI
1010,Processing and preserving of meat,C,Manufacturing,Review DSI
102,"Processing and preserving of fish, crustaceans and molluscs",C,Manufacturing,Review DSI
1020,"Processing and preserving of fish, crustaceans and molluscs",C,Manufacturing,Review DSI
103,Processing and preserving of fruit and vegetables,C,Manufacturing,Review DSI
1030,Processing and preserving of fruit and vegetables,C,Manufacturing,Review DSI
104,Manufacture of vegetable and animal oils and fats,C,Manufacturing,Review DSI
1040,Manufacture of vegetable and animal oils and fats,C,Manufacturing,Review DSI
105,Manufacture of dairy products,C,Manufacturing,Review DSI
1050,Manufacture of dairy products,C,Manufacturing,Review DSI
106,"Manufacture of grain mill products, starches and starch products",C,Manufacturing,Review DSI
1061,Manufacture of grain mill products,C,Manufacturing,Review DSI
1062,Manufacture of starches and starch products,C,Manufacturing,Review DSI
107,Manufacture of other food products,C,Manufacturing,Review DSI
1071,Manufacture of bakery products,C,Manufacturing,Review DSI
1072,Manufacture of sugar,C,Manufacturing,Review DSI
1073,"Manufacture of cocoa, chocolate and sugar confectionery",C,Manufacturing,Review DSI
1074,"Manufacture of macaroni, noodles, couscous and similar farinaceous products",C,Manufacturing,Review DSI
1075,Manufacture of prepared meals and dishes,C,Manufacturing,Review DSI
1079,Manufacture of other food products n.e.c.,C,Manufacturing,Nutraceuticals (food and health supplements)
108,Manufacture of prepared animal feeds,C,Manufacturing,Review DSI
1080,Manufacture of prepared animal feeds,C,Manufacturing,Review DSI
11,Manufacture of beverages,C,Manufacturing,Review DSI
110,Manufacture of beverages,C,Manufacturing,Review DSI
1101,"Distilling, rectifying and blending of spirits",C,Manufacturing,Review DSI
1102,Manufacture of wines,C,Manufacturing,Review DSI
1103,Manufacture of malt liquors and malt,C,Manufacturing,Review DSI
1104,Manufacture of soft drinks; production of mineral waters and other bottled waters,C,Manufacturing,Review DSI
12,Manufacture of tobacco products,C,Manufacturing,Review DSI
120,Manufacture of tobacco products,C,Manufacturing,Review DSI
1200,Manufacture of tobacco products,C,Manufacturing,Review DSI
13,Manufacture of textiles,C,Manufacturing,Exclude DSI
131,"Spinning, weaving and finishing of textiles",C,Manufacturing,Exclude DSI
1311,Preparation and spinning of textile fibres,C,Manufacturing,Exclude DSI
1312,Weaving of textiles,C,Manufacturing,Exclude DSI
1313,Finishing of textiles,C,Manufacturing,Exclude DSI
139,Manufacture of other textiles,C,Manufacturing,Exclude DSI
1391,Manufacture of knitted and crocheted fabrics,C,Manufacturing,Exclude DSI
1392,"Manufacture of made-up textile articles, except apparel",C,Manufacturing,Exclude DSI
1393,Manufacture of carpets and rugs,C,Manufacturing,Exclude DSI
1394,"Manufacture of cordage, rope, twine and netting",C,Manufacturing,Exclude DSI
1399,Manufacture of other textiles n.e.c.,C,Manufacturing,Exclude DSI
14,Manufacture of wearing apparel,C,Manufacturing,Exclude DSI
141,"Manufacture of wearing apparel, except fur apparel",C,Manufacturing,Exclude DSI
1410,"Manufacture of wearing apparel, except fur apparel",C,Manufacturing,Exclude DSI
142,Manufacture of articles of fur,C,Manufacturing,Exclude DSI
1420,Manufacture of articles of fur,C,Manufacturing,Exclude DSI
143,Manufacture of knitted and crocheted apparel,C,Manufacturing,Exclude DSI
1430,Manufacture of knitted and crocheted apparel,C,Manufacturing,Exclude DSI
15,Manufacture of leather and related products,C,Manufacturing,Exclude DSI
151,"Tanning and dressing of leather; manufacture of luggage, handbags, saddlery and harness; dressing and dyeing of fur",C,Manufacturing,Exclude DSI
1511,Tanning and dressing of leather; dressing and dyeing of fur,C,Manufacturing,Exclude DSI
1512,"Manufacture of luggage, handbags and the like, saddlery and harness",C,Manufacturing,Exclude DSI
152,Manufacture of footwear,C,Manufacturing,Exclude DSI
1520,Manufacture of footwear,C,Manufacturing,Exclude DSI
16,"Manufacture of wood and of products of wood and cork, except furniture; manufacture of articles of straw and plaiting materials",C,Manufacturing,Exclude DSI
161,Sawmilling and planing of wood,C,Manufacturing,Exclude DSI
1610,Sawmilling and planing of wood,C,Manufacturing,Exclude DSI
162,"Manufacture of products of wood, cork, straw and plaiting materials",C,Manufacturing,Exclude DSI
1621,Manufacture of veneer sheets and wood-based panels,C,Manufacturing,Exclude DSI
1622,Manufacture of builders' carpentry and joinery,C,Manufacturing,Exclude DSI
1623,Manufacture of wooden containers,C,Manufacturing,Exclude DSI
1629,"Manufacture of other products of wood; manufacture of articles of cork, straw and plaiting materials",C,Manufacturing,Exclude DSI
17,Manufacture of paper and paper products,C,Manufacturing,Exclude DSI
170,Manufacture of paper and paper products,C,Manufacturing,Exclude DSI
1701,"Manufacture of pulp, paper and paperboard",C,Manufacturing,Exclude DSI
1702,Manufacture of corrugated paper and paperboard and of containers of paper and paperboard,C,Manufacturing,Exclude DSI
1709,Manufacture of other articles of paper and paperboard,C,Manufacturing,Exclude DSI
18,Printing and reproduction of recorded media,C,Manufacturing,Exclude DSI
181,Printing and service activities related to printing,C,Manufacturing,Exclude DSI
1811,Printing,C,Manufacturing,Exclude DSI
1812,Service activities related to printing,C,Manufacturing,Exclude DSI
182,Reproduction of recorded media,C,Manufacturing,Exclude DSI
1820,Reproduction of recorded media,C,Manufacturing,Exclude DSI
19,Manufacture of coke and refined petroleum products,C,Manufacturing,Exclude DSI
191,Manufacture of coke oven products,C,Manufacturing,Exclude DSI
1910,Manufacture of coke oven products,C,Manufacturing,Exclude DSI
192,Manufacture of refined petroleum products,C,Manufacturing,Exclude DSI
1920,Manufacture of refined petroleum products,C,Manufacturing,Exclude DSI
20,Manufacture of chemicals and chemical products,C,Manufacturing,Exclude DSI
201,"Manufacture of basic chemicals, fertilizers and nitrogen compounds, plastics and synthetic rubber in primary forms",C,Manufacturing,Exclude DSI
2011,Manufacture of basic chemicals,C,Manufacturing,Nucleic Acids
2012,Manufacture of fertilizers and nitrogen compounds,C,Manufacturing,Animal and Plant Breeding
2013,Manufacture of plastics and synthetic rubber in primary forms,C,Manufacturing,Exclude DSI
202,Manufacture of other chemical products,C,Manufacturing,Exclude DSI
2021,Manufacture of pesticides and other agrochemical products,C,Manufacturing,Animal and Plant Breeding
2022,"Manufacture of paints, varnishes and similar coatings, printing ink and mastics",C,Manufacturing,Exclude DSI
2023,"Manufacture of soap and detergents, cleaning and polishing preparations, perfumes and toilet preparations",C,Manufacturing,Cosmetics
2029,Manufacture of other chemical products n.e.c.,C,Manufacturing,Review DSI
203,Manufacture of man-made fibres,C,Manufacturing,Exclude DSI
2030,Manufacture of man-made fibres,C,Manufacturing,Exclude DSI
21,Manufacture of basic pharmaceutical products and pharmaceutical preparations,C,Manufacturing,Pharmaceuticals
210,"Manufacture of pharmaceuticals, medicinal chemical and botanical products",C,Manufacturing,Pharmaceuticals
2100,"Manufacture of pharmaceuticals, medicinal chemical and botanical products",C,Manufacturing,Pharmaceuticals
22,Manufacture of rubber and plastics products,C,Manufacturing,Exclude DSI
221,Manufacture of rubber products,C,Manufacturing,Exclude DSI
2211,Manufacture of rubber tyres and tubes; retreading and rebuilding of rubber tyres,C,Manufacturing,Exclude DSI
2219,Manufacture of other rubber products,C,Manufacturing,Exclude DSI
222,Manufacture of plastics products,C,Manufacturing,Exclude DSI
2220,Manufacture of plastics products,C,Manufacturing,Exclude DSI
23,Manufacture of other non-metallic mineral products,C,Manufacturing,Exclude DSI
231,Manufacture of glass and glass products,C,Manufacturing,Exclude DSI
2310,Manufacture of glass and glass products,C,Manufacturing,Laboratory Equipment including reagents and supplies
239,Manufacture of non-metallic mineral products n.e.c.,C,Manufacturing,Exclude DSI
2391,Manufacture of refractory products,C,Manufacturing,Exclude DSI
2392,Manufacture of clay building materials,C,Manufacturing,Exclude DSI
2393,Manufacture of other porcelain and ceramic products,C,Manufacturing,Exclude DSI
2394,"Manufacture of cement, lime and plaster",C,Manufacturing,Exclude DSI
2395,"Manufacture of articles of concrete, cement and plaster",C,Manufacturing,Exclude DSI
2396,"Cutting, shaping and finishing of stone",C,Manufacturing,Exclude DSI
2399,Manufacture of other non-metallic mineral products n.e.c.,C,Manufacturing,Exclude DSI
24,Manufacture of basic metals,C,Manufacturing,Exclude DSI
241,Manufacture of basic iron and steel,C,Manufacturing,Exclude DSI
2410,Manufacture of basic iron and steel,C,Manufacturing,Exclude DSI
242,Manufacture of basic precious and other non-ferrous metals,C,Manufacturing,Exclude DSI
2420,Manufacture of basic precious and other non-ferrous metals,C,Manufacturing,Exclude DSI
243,Casting of metals,C,Manufacturing,Exclude DSI
2431,Casting of iron and steel,C,Manufacturing,Exclude DSI
2432,Casting of non-ferrous metals,C,Manufacturing,Exclude DSI
25,"Manufacture of fabricated metal products, except machinery and equipment",C,Manufacturing,Exclude DSI
251,"Manufacture of structural metal products, tanks, reservoirs and steam generators",C,Manufacturing,Exclude DSI
2511,Manufacture of structural metal products,C,Manufacturing,Exclude DSI
2512,"Manufacture of tanks, reservoirs and containers of metal",C,Manufacturing,Exclude DSI
2513,"Manufacture of steam generators, except central heating hot water boilers",C,Manufacturing,Exclude DSI
252,Manufacture of weapons and ammunition,C,Manufacturing,Exclude DSI
2520,Manufacture of weapons and ammunition,C,Manufacturing,Exclude DSI
259,Manufacture of other fabricated metal products; metalworking service activities,C,Manufacturing,Exclude DSI
2591,"Forging, pressing, stamping and roll-forming of metal; powder metallurgy",C,Manufacturing,Exclude DSI
2592,Treatment and coating of metals; machining,C,Manufacturing,Exclude DSI
2593,"Manufacture of cutlery, hand tools and general hardware",C,Manufacturing,Exclude DSI
2599,Manufacture of other fabricated metal products n.e.c.,C,Manufacturing,Exclude DSI
26,"Manufacture of computer, electronic and optical products",C,Manufacturing,Exclude DSI
261,Manufacture of electronic components and boards,C,Manufacturing,Exclude DSI
2610,Manufacture of electronic components and boards,C,Manufacturing,Exclude DSI
262,Manufacture of computers and peripheral equipment,C,Manufacturing,Exclude DSI
2620,Manufacture of computers and peripheral equipment,C,Manufacturing,Exclude DSI
263,Manufacture of communication equipment,C,Manufacturing,Exclude DSI
2630,Manufacture of communication equipment,C,Manufacturing,Exclude DSI
264,Manufacture of consumer electronics,C,Manufacturing,Exclude DSI
2640,Manufacture of consumer electronics,C,Manufacturing,Exclude DSI
265,"Manufacture of measuring, testing, navigating and control equipment; watches and clocks",C,Manufacturing,Review DSI
2651,"Manufacture of measuring, testing, navigating and control equipment",C,Manufacturing,Laboratory Equipment including reagents and supplies
2652,Manufacture of watches and clocks,C,Manufacturing,Exclude DSI
266,"Manufacture of irradiation, electromedical and electrotherapeutic equipment",C,Manufacturing,Exclude DSI
2660,"Manufacture of irradiation, electromedical and electrotherapeutic equipment",C,Manufacturing,Exclude DSI
267,Manufacture of optical instruments and photographic equipment,C,Manufacturing,Exclude DSI
2670,Manufacture of optical instruments and photographic equipment,C,Manufacturing,Exclude DSI
268,Manufacture of magnetic and optical media,C,Manufacturing,Exclude DSI
2680,Manufacture of magnetic and optical media,C,Manufacturing,Exclude DSI
27,Manufacture of electrical equipment,C,Manufacturing,Exclude DSI
271,"Manufacture of electric motors, generators, transformers and electricity distribution and control apparatus",C,Manufacturing,Exclude DSI
2710,"Manufacture of electric motors, generators, transformers and electricity distribution and control apparatus",C,Manufacturing,Exclude DSI
272,Manufacture of batteries and accumulators,C,Manufacturing,Exclude DSI
2720,Manufacture of batteries and accumulators,C,Manufacturing,Exclude DSI
273,Manufacture of wiring and wiring devices,C,Manufacturing,Exclude DSI
2731,Manufacture of fibre optic cables,C,Manufacturing,Exclude DSI
2732,Manufacture of other electronic and electric wires and cables,C,Manufacturing,Exclude DSI
2733,Manufacture of wiring devices,C,Manufacturing,Exclude DSI
274,Manufacture of electric lighting equipment,C,Manufacturing,Exclude DSI
2740,Manufacture of electric lighting equipment,C,Manufacturing,Exclude DSI
275,Manufacture of domestic appliances,C,Manufacturing,Exclude DSI
2750,Manufacture of domestic appliances,C,Manufacturing,Exclude DSI
279,Manufacture of other electrical equipment,C,Manufacturing,Exclude DSI
2790,Manufacture of other electrical equipment,C,Manufacturing,Exclude DSI
28,Manufacture of machinery and equipment n.e.c.,C,Manufacturing,Exclude DSI
281,Manufacture of general-purpose machinery,C,Manufacturing,Exclude DSI
2811,"Manufacture of engines and turbines, except aircraft, vehicle and cycle engines",C,Manufacturing,Exclude DSI
2812,Manufacture of fluid power equipment,C,Manufacturing,Exclude DSI
2813,"Manufacture of other pumps, compressors, taps and valves",C,Manufacturing,Exclude DSI
2814,"Manufacture of bearings, gears, gearing and driving elements",C,Manufacturing,Exclude DSI
2815,"Manufacture of ovens, furnaces and furnace burners",C,Manufacturing,Exclude DSI
2816,Manufacture of lifting and handling equipment,C,Manufacturing,Exclude DSI
2817,Manufacture of office machinery and equipment (except computers and peripheral equipment),C,Manufacturing,Exclude DSI
2818,Manufacture of power-driven hand tools,C,Manufacturing,Exclude DSI
2819,Manufacture of other general-purpose machinery,C,Manufacturing,Exclude DSI
282,Manufacture of special-purpose machinery,C,Manufacturing,Exclude DSI
2821,Manufacture of agricultural and forestry machinery,C,Manufacturing,Exclude DSI
2822,Manufacture of metal-forming machinery and machine tools,C,Manufacturing,Exclude DSI
2823,Manufacture of machinery for metallurgy,C,Manufacturing,Exclude DSI
2824,"Manufacture of machinery for mining, quarrying and construction",C,Manufacturing,Exclude DSI
2825,"Manufacture of machinery for food, beverage and tobacco processing",C,Manufacturing,Exclude DSI
2826,"Manufacture of machinery for textile, apparel and leather production",C,Manufacturing,Exclude DSI
2829,Manufacture of other special-purpose machinery,C,Manufacturing,Exclude DSI
29,"Manufacture of motor vehicles, trailers and semi-trailers",C,Manufacturing,Exclude DSI
291,Manufacture of motor vehicles,C,Manufacturing,Exclude DSI
2910,Manufacture of motor vehicles,C,Manufacturing,Exclude DSI
292,Manufacture of bodies (coachwork) for motor vehicles; manufacture of trailers and semi-trailers,C,Manufacturing,Exclude DSI
2920,Manufacture of bodies (coachwork) for motor vehicles; manufacture of trailers and semi-trailers,C,Manufacturing,Exclude DSI
293,Manufacture of parts and accessories for motor vehicles,C,Manufacturing,Exclude DSI
2930,Manufacture of parts and accessories for motor vehicles,C,Manufacturing,Exclude DSI
30,Manufacture of other transport equipment,C,Manufacturing,Exclude DSI
301,Building of ships and boats,C,Manufacturing,Exclude DSI
3011,Building of ships and floating structures,C,Manufacturing,Exclude DSI
3012,Building of pleasure and sporting boats,C,Manufacturing,Exclude DSI
302,Manufacture of railway locomotives and rolling stock,C,Manufacturing,Exclude DSI
3020,Manufacture of railway locomotives and rolling stock,C,Manufacturing,Exclude DSI
303,Manufacture of air and spacecraft and related machinery,C,Manufacturing,Exclude DSI
3030,Manufacture of air and spacecraft and related machinery,C,Manufacturing,Exclude DSI
304,Manufacture of military fighting vehicles,C,Manufacturing,Exclude DSI
3040,Manufacture of military fighting vehicles,C,Manufacturing,Exclude DSI
309,Manufacture of transport equipment n.e.c.,C,Manufacturing,Exclude DSI
3091,Manufacture of motorcycles,C,Manufacturing,Exclude DSI
3092,Manufacture of bicycles and invalid carriages,C,Manufacturing,Exclude DSI
3099,Manufacture of other transport equipment n.e.c.,C,Manufacturing,Exclude DSI
31,Manufacture of furniture,C,Manufacturing,Exclude DSI
310,Manufacture of furniture,C,Manufacturing,Exclude DSI
3100,Manufacture of furniture,C,Manufacturing,Exclude DSI
32,Other manufacturing,C,Manufacturing,Exclude DSI
321,"Manufacture of jewellery, bijouterie and related articles",C,Manufacturing,Exclude DSI
3211,Manufacture of jewellery and related articles,C,Manufacturing,Exclude DSI
3212,Manufacture of imitation jewellery and related articles,C,Manufacturing,Exclude DSI
322,Manufacture of musical instruments,C,Manufacturing,Exclude DSI
3220,Manufacture of musical instruments,C,Manufacturing,Exclude DSI
323,Manufacture of sports goods,C,Manufacturing,Exclude DSI
3230,Manufacture of sports goods,C,Manufacturing,Exclude DSI
324,Manufacture of games and toys,C,Manufacturing,Exclude DSI
3240,Manufacture of games and toys,C,Manufacturing,Exclude DSI
325,Manufacture of medical and dental instruments and supplies,C,Manufacturing,Laboratory Equipment including reagents and supplies
3250,Manufacture of medical and dental instruments and supplies,C,Manufacturing,Laboratory Equipment including reagents and supplies
329,Other manufacturing n.e.c.,C,Manufacturing,Laboratory Equipment including reagents and supplies
3290,Other manufacturing n.e.c.,C,Manufacturing,Laboratory Equipment including reagents and supplies
33,Repair and installation of machinery and equipment,C,Manufacturing,Exclude DSI
331,"Repair of fabricated metal products, machinery and equipment",C,Manufacturing,Exclude DSI
3311,Repair of fabricated metal products,C,Manufacturing,Exclude DSI
3312,Repair of machinery,C,Manufacturing,Exclude DSI
3313,Repair of electronic and optical equipment,C,Manufacturing,Exclude DSI
3314,Repair of electrical equipment,C,Manufacturing,Exclude DSI
3315,"Repair of transport equipment, except motor vehicles",C,Manufacturing,Exclude DSI
3319,Repair of other equipment,C,Manufacturing,Exclude DSI
332,Installation of industrial machinery and equipment,C,Manufacturing,Exclude DSI
3320,Installation of industrial machinery and equipment,C,Manufacturing,Exclude DSI
35,"Electricity, gas, steam and air conditioning supply",D,"Electricity, gas, steam and air conditioning supply",Exclude DSI
351,"Electric power generation, transmission and distribution",D,"Electricity, gas, steam and air conditioning supply",Exclude DSI
3510,"Electric power generation, transmission and distribution",D,"Electricity, gas, steam and air conditioning supply",Exclude DSI
352,Manufacture of gas; distribution of gaseous fuels through mains,D,"Electricity, gas, steam and air conditioning supply",Exclude DSI
3520,Manufacture of gas; distribution of gaseous fuels through mains,D,"Electricity, gas, steam and air conditioning supply",Exclude DSI
353,Steam and air conditioning supply,D,"Electricity, gas, steam and air conditioning supply",Exclude DSI
3530,Steam and air conditioning supply,D,"Electricity, gas, steam and air conditioning supply",Exclude DSI
36,"Water collection, treatment and supply",E,"Water supply; sewerage, waste management and remediation activities",Review DSI
360,"Water collection, treatment and supply",E,"Water supply; sewerage, waste management and remediation activities",Review DSI
3600,"Water collection, treatment and supply",E,"Water supply; sewerage, waste management and remediation activities",Review DSI
37,Sewerage,E,"Water supply; sewerage, waste management and remediation activities",Review DSI
370,Sewerage,E,"Water supply; sewerage, waste management and remediation activities",Review DSI
3700,Sewerage,E,"Water supply; sewerage, waste management and remediation activities",Review DSI
38,"Waste collection, treatment and disposal activities; materials recovery",E,"Water supply; sewerage, waste management and remediation activities",Review DSI
381,Waste collection,E,"Water supply; sewerage, waste management and remediation activities",Review DSI
3811,Collection of non-hazardous waste,E,"Water supply; sewerage, waste management and remediation activities",Review DSI
3812,Collection of hazardous waste,E,"Water supply; sewerage, waste management and remediation activities",Review DSI
382,Waste treatment and disposal,E,"Water supply; sewerage, waste management and remediation activities",Review DSI
3821,Treatment and disposal of non-hazardous waste,E,"Water supply; sewerage, waste management and remediation activities",Review DSI
3822,Treatment and disposal of hazardous waste,E,"Water supply; sewerage, waste management and remediation activities",Review DSI
383,Materials recovery,E,"Water supply; sewerage, waste management and remediation activities",Review DSI
3830,Materials recovery,E,"Water supply; sewerage, waste management and remediation activities",Review DSI
39,Remediation activities and other waste management services,E,"Water supply; sewerage, waste management and remediation activities",Review DSI
390,Remediation activities and other waste management services,E,"Water supply; sewerage, waste management and remediation activities",Review DSI
3900,Remediation activities and other waste management services,E,"Water supply; sewerage, waste management and remediation activities",Review DSI
41,Construction of buildings,F,Construction,Exclude DSI
410,Construction of buildings,F,Construction,Exclude DSI
4100,Construction of buildings,F,Construction,Exclude DSI
42,Civil engineering,F,Construction,Exclude DSI
421,Construction of roads and railways,F,Construction,Exclude DSI
4210,Construction of roads and railways,F,Construction,Exclude DSI
422,Construction of utility projects,F,Construction,Exclude DSI
4220,Construction of utility projects,F,Construction,Exclude DSI
429,Construction of other civil engineering projects,F,Construction,Exclude DSI
4290,Construction of other civil engineering projects,F,Construction,Exclude DSI
43,Specialized construction activities,F,Construction,Exclude DSI
431,Demolition and site preparation,F,Construction,Exclude DSI
4311,Demolition,F,Construction,Exclude DSI
4312,Site preparation,F,Construction,Exclude DSI
432,"Electrical, plumbing and other construction installation activities",F,Construction,Exclude DSI
4321,Electrical installation,F,Construction,Exclude DSI
4322,"Plumbing, heat and air-conditioning installation",F,Construction,Exclude DSI
4329,Other construction installation,F,Construction,Exclude DSI
433,Building completion and finishing,F,Construction,Exclude DSI
4330,Building completion and finishing,F,Construction,Exclude DSI
439,Other specialized construction activities,F,Construction,Exclude DSI
4390,Other specialized construction activities,F,Construction,Exclude DSI
45,Wholesale and retail trade and repair of motor vehicles and motorcycles,G,Wholesale and retail trade; repair of motor vehicles and motorcycles,Exclude DSI
451,Sale of motor vehicles,G,Wholesale and retail trade; repair of motor vehicles and motorcycles,Exclude DSI
4510,Sale of motor vehicles,G,Wholesale and retail trade; repair of motor vehicles and motorcycles,Exclude DSI
452,Maintenance and repair of motor vehicles,G,Wholesale and retail trade; repair of motor vehicles and motorcycles,Exclude DSI
4520,Maintenance and repair of motor vehicles,G,Wholesale and retail trade; repair of motor vehicles and motorcycles,Exclude DSI
453,Sale of motor vehicle parts and accessories,G,Wholesale and retail trade; repair of motor vehicles and motorcycles,Exclude DSI
4530,Sale of motor vehicle parts and accessories,G,Wholesale and retail trade; repair of motor vehicles and motorcycles,Exclude DSI
454,"Sale, maintenance and repair of motorcycles and related parts and accessories",G,Wholesale and retail trade; repair of motor vehicles and motorcycles,Exclude DSI
4540,"Sale, maintenance and repair of motorcycles and related parts and accessories",G,Wholesale and retail trade; repair of motor vehicles and motorcycles,Exclude DSI
46,"Wholesale trade, except of motor vehicles and motorcycles",G,Wholesale and retail trade; repair of motor vehicles and motorcycles,Exclude DSI
461,Wholesale on a fee or contract basis,G,Wholesale and retail trade; repair of motor vehicles and motorcycles,Exclude DSI
4610,Wholesale on a fee or contract basis,G,Wholesale and retail trade; repair of motor vehicles and motorcycles,Exclude DSI
462,Wholesale of agricultural raw materials and live animals,G,Wholesale and retail trade; repair of motor vehicles and motorcycles,Exclude DSI
4620,Wholesale of agricultural raw materials and live animals,G,Wholesale and retail trade; repair of motor vehicles and motorcycles,Exclude DSI
463,"Wholesale of food, beverages and tobacco",G,Wholesale and retail trade; repair of motor vehicles and motorcycles,Exclude DSI
4630,"Wholesale of food, beverages and tobacco",G,Wholesale and retail trade; repair of motor vehicles and motorcycles,Exclude DSI
464,Wholesale of household goods,G,Wholesale and retail trade; repair of motor vehicles and motorcycles,Exclude DSI
4641,"Wholesale of textiles, clothing and footwear",G,Wholesale and retail trade; repair of motor vehicles and motorcycles,Exclude DSI
4649,Wholesale of other household goods,G,Wholesale and retail trade; repair of motor vehicles and motorcycles,Exclude DSI
465,"Wholesale of machinery, equipment and supplies",G,Wholesale and retail trade; repair of motor vehicles and motorcycles,Exclude DSI
4651,"Wholesale of computers, computer peripheral equipment and software",G,Wholesale and retail trade; repair of motor vehicles and motorcycles,Exclude DSI
4652,Wholesale of electronic and telecommunications equipment and parts,G,Wholesale and retail trade; repair of motor vehicles and motorcycles,Exclude DSI
4653,"Wholesale of agricultural machinery, equipment and supplies",G,Wholesale and retail trade; repair of motor vehicles and motorcycles,Exclude DSI
4659,Wholesale of other machinery and equipment,G,Wholesale and retail trade; repair of motor vehicles and motorcycles,Exclude DSI
466,Other specialized wholesale,G,Wholesale and retail trade; repair of motor vehicles and motorcycles,Exclude DSI
4661,"Wholesale of solid, liquid and gaseous fuels and related products",G,Wholesale and retail trade; repair of motor vehicles and motorcycles,Exclude DSI
4662,Wholesale of metals and metal ores,G,Wholesale and retail trade; repair of motor vehicles and motorcycles,Exclude DSI
4663,"Wholesale of construction materials, hardware, plumbing and heating equipment and supplies",G,Wholesale and retail trade; repair of motor vehicles and motorcycles,Exclude DSI
4669,Wholesale of waste and scrap and other products n.e.c.,G,Wholesale and retail trade; repair of motor vehicles and motorcycles,Exclude DSI
469,Non-specialized wholesale trade,G,Wholesale and retail trade; repair of motor vehicles and motorcycles,Exclude DSI
4690,Non-specialized wholesale trade,G,Wholesale and retail trade; repair of motor vehicles and motorcycles,Exclude DSI
47,"Retail trade, except of motor vehicles and motorcycles",G,Wholesale and retail trade; repair of motor vehicles and motorcycles,Exclude DSI
471,Retail sale in non-specialized stores,G,Wholesale and retail trade; repair of motor vehicles and motorcycles,Exclude DSI
4711,"Retail sale in non-specialized stores with food, beverages or tobacco predominating",G,Wholesale and retail trade; repair of motor vehicles and motorcycles,Exclude DSI
4719,Other retail sale in non-specialized stores,G,Wholesale and retail trade; repair of motor vehicles and motorcycles,Exclude DSI
472,"Retail sale of food, beverages and tobacco in specialized stores",G,Wholesale and retail trade; repair of motor vehicles and motorcycles,Exclude DSI
4721,Retail sale of food in specialized stores,G,Wholesale and retail trade; repair of motor vehicles and motorcycles,Exclude DSI
4722,Retail sale of beverages in specialized stores,G,Wholesale and retail trade; repair of motor vehicles and motorcycles,Exclude DSI
4723,Retail sale of tobacco products in specialized stores,G,Wholesale and retail trade; repair of motor vehicles and motorcycles,Exclude DSI
473,Retail sale of automotive fuel in specialized stores,G,Wholesale and retail trade; repair of motor vehicles and motorcycles,Exclude DSI
4730,Retail sale of automotive fuel in specialized stores,G,Wholesale and retail trade; repair of motor vehicles and motorcycles,Exclude DSI
474,Retail sale of information and communications equipment in specialized stores,G,Wholesale and retail trade; repair of motor vehicles and motorcycles,Exclude DSI
4741,"Retail sale of computers, peripheral units, software and telecommunications equipment in specialized stores",G,Wholesale and retail trade; repair of motor vehicles and motorcycles,Exclude DSI
4742,Retail sale of audio and video equipment in specialized stores,G,Wholesale and retail trade; repair of motor vehicles and motorcycles,Exclude DSI
475,Retail sale of other household equipment in specialized stores,G,Wholesale and retail trade; repair of motor vehicles and motorcycles,Exclude DSI
4751,Retail sale of textiles in specialized stores,G,Wholesale and retail trade; repair of motor vehicles and motorcycles,Exclude DSI
4752,"Retail sale of hardware, paints and glass in specialized stores",G,Wholesale and retail trade; repair of motor vehicles and motorcycles,Exclude DSI
4753,"Retail sale of carpets, rugs, wall and floor coverings in specialized stores",G,Wholesale and retail trade; repair of motor vehicles and motorcycles,Exclude DSI
4759,"Retail sale of electrical household appliances, furniture, lighting equipment and other household articles in specialized stores",G,Wholesale and retail trade; repair of motor vehicles and motorcycles,Exclude DSI
476,Retail sale of cultural and recreation goods in specialized stores,G,Wholesale and retail trade; repair of motor vehicles and motorcycles,Exclude DSI
4761,"Retail sale of books, newspapers and stationary in specialized stores",G,Wholesale and retail trade; repair of motor vehicles and motorcycles,Exclude DSI
4762,Retail sale of music and video recordings in specialized stores,G,Wholesale and retail trade; repair of motor vehicles and motorcycles,Exclude DSI
4763,Retail sale of sporting equipment in specialized stores,G,Wholesale and retail trade; repair of motor vehicles and motorcycles,Exclude DSI
4764,Retail sale of games and toys in specialized stores,G,Wholesale and retail trade; repair of motor vehicles and motorcycles,Exclude DSI
477,Retail sale of other goods in specialized stores,G,Wholesale and retail trade; repair of motor vehicles and motorcycles,Exclude DSI
4771,"Retail sale of clothing, footwear and leather articles in specialized stores",G,Wholesale and retail trade; repair of motor vehicles and motorcycles,Exclude DSI
4772,"Retail sale of pharmaceutical and medical goods, cosmetic and toilet articles in specialized stores",G,Wholesale and retail trade; repair of motor vehicles and motorcycles,Exclude DSI
4773,Other retail sale of new goods in specialized stores,G,Wholesale and retail trade; repair of motor vehicles and motorcycles,Exclude DSI
4774,Retail sale of second-hand goods,G,Wholesale and retail trade; repair of motor vehicles and motorcycles,Exclude DSI
478,Retail sale via stalls and markets,G,Wholesale and retail trade; repair of motor vehicles and motorcycles,Exclude DSI
4781,"Retail sale via stalls and markets of food, beverages and tobacco products",G,Wholesale and retail trade; repair of motor vehicles and motorcycles,Exclude DSI
4782,"Retail sale via stalls and markets of textiles, clothing and footwear",G,Wholesale and retail trade; repair of motor vehicles and motorcycles,Exclude DSI
4789,Retail sale via stalls and markets of other goods,G,Wholesale and retail trade; repair of motor vehicles and motorcycles,Exclude DSI
479,"Retail trade not in stores, stalls or markets",G,Wholesale and retail trade; repair of motor vehicles and motorcycles,Exclude DSI
4791,Retail sale via mail order houses or via Internet,G,Wholesale and retail trade; repair of motor vehicles and motorcycles,Exclude DSI
4799,"Other retail sale not in stores, stalls or markets",G,Wholesale and retail trade; repair of motor vehicles and motorcycles,Exclude DSI
49,Land transport and transport via pipelines,H,Transportation and storage,Exclude DSI
491,Transport via railways,H,Transportation and storage,Exclude DSI
4911,"Passenger rail transport, interurban",H,Transportation and storage,Exclude DSI
4912,Freight rail transport,H,Transportation and storage,Exclude DSI
492,Other land transport,H,Transportation and storage,Exclude DSI
4921,Urban and suburban passenger land transport,H,Transportation and storage,Exclude DSI
4922,Other passenger land transport,H,Transportation and storage,Exclude DSI
4923,Freight transport by road,H,Transportation and storage,Exclude DSI
493,Transport via pipeline,H,Transportation and storage,Exclude DSI
4930,Transport via pipeline,H,Transportation and storage,Exclude DSI
50,Water transport,H,Transportation and storage,Exclude DSI
501,Sea and coastal water transport,H,Transportation and storage,Exclude DSI
5011,Sea and coastal passenger water transport,H,Transportation and storage,Exclude DSI
5012,Sea and coastal freight water transport,H,Transportation and storage,Exclude DSI
502,Inland water transport,H,Transportation and storage,Exclude DSI
5021,Inland passenger water transport,H,Transportation and storage,Exclude DSI
5022,Inland freight water transport,H,Transportation and storage,Exclude DSI
51,Air transport,H,Transportation and storage,Exclude DSI
511,Passenger air transport,H,Transportation and storage,Exclude DSI
5110,Passenger air transport,H,Transportation and storage,Exclude DSI
512,Freight air transport,H,Transportation and storage,Exclude DSI
5120,Freight air transport,H,Transportation and storage,Exclude DSI
52,Warehousing and support activities for transportation,H,Transportation and storage,Exclude DSI
521,Warehousing and storage,H,Transportation and storage,Exclude DSI
5210,Warehousing and storage,H,Transportation and storage,Exclude DSI
522,Support activities for transportation,H,Transportation and storage,Exclude DSI
5221,Service activities incidental to land transportation,H,Transportation and storage,Exclude DSI
5222,Service activities incidental to water transportation,H,Transportation and storage,Exclude DSI
5223,Service activities incidental to air transportation,H,Transportation and storage,Exclude DSI
5224,Cargo handling,H,Transportation and storage,Exclude DSI
5229,Other transportation support activities,H,Transportation and storage,Exclude DSI
53,Postal and courier activities,H,Transportation and storage,Exclude DSI
531,Postal activities,H,Transportation and storage,Exclude DSI
5310,Postal activities,H,Transportation and storage,Exclude DSI
532,Courier activities,H,Transportation and storage,Exclude DSI
5320,Courier activities,H,Transportation and storage,Exclude DSI
55,Accommodation,I,Accommodation and food service activities,Exclude DSI
551,Short term accommodation activities,I,Accommodation and food service activities,Exclude DSI
5510,Short term accommodation activities,I,Accommodation and food service activities,Exclude DSI
552,"Camping grounds, recreational vehicle parks and trailer parks",I,Accommodation and food service activities,Exclude DSI
5520,"Camping grounds, recreational vehicle parks and trailer parks",I,Accommodation and food service activities,Exclude DSI
559,Other accommodation,I,Accommodation and food service activities,Exclude DSI
5590,Other accommodation,I,Accommodation and food service activities,Exclude DSI
56,Food and beverage service activities,I,Accommodation and food service activities,Exclude DSI
561,Restaurants and mobile food service activities,I,Accommodation and food service activities,Exclude DSI
5610,Restaurants and mobile food service activities,I,Accommodation and food service activities,Exclude DSI
562,Event catering and other food service activities,I,Accommodation and food service activities,Exclude DSI
5621,Event catering,I,Accommodation and food service activities,Exclude DSI
5629,Other food service activities,I,Accommodation and food service activities,Exclude DSI
563,Beverage serving activities,I,Accommodation and food service activities,Exclude DSI
5630,Beverage serving activities,I,Accommodation and food service activities,Exclude DSI
58,Publishing activities,J,Information and communication,Exclude DSI
581,"Publishing of books, periodicals and other publishing activities",J,Information and communication,Exclude DSI
5811,Book publishing,J,Information and communication,Exclude DSI
5812,Publishing of directories and mailing lists,J,Information and communication,Exclude DSI
5813,"Publishing of newspapers, journals and periodicals",J,Information and communication,Exclude DSI
5819,Other publishing activities,J,Information and communication,Exclude DSI
582,Software publishing,J,Information and communication,Exclude DSI
5820,Software publishing,J,Information and communication,Exclude DSI
59,"Motion picture, video and television programme production, sound recording and music publishing activities",J,Information and communication,Exclude DSI
591,"Motion picture, video and television programme activities",J,Information and communication,Exclude DSI
5911,"Motion picture, video and television programme production activities",J,Information and communication,Exclude DSI
5912,"Motion picture, video and television programme post-production activities",J,Information and communication,Exclude DSI
5913,"Motion picture, video and television programme distribution activities",J,Information and communication,Exclude DSI
5914,Motion picture projection activities,J,Information and communication,Exclude DSI
592,Sound recording and music publishing activities,J,Information and communication,Exclude DSI
5920,Sound recording and music publishing activities,J,Information and communication,Exclude DSI
60,Programming and broadcasting activities,J,Information and communication,Exclude DSI
601,Radio broadcasting,J,Information and communication,Exclude DSI
6010,Radio broadcasting,J,Information and communication,Exclude DSI
602,Television programming and broadcasting activities,J,Information and communication,Exclude DSI
6020,Television programming and broadcasting activities,J,Information and communication,Exclude DSI
61,Telecommunications,J,Information and communication,Exclude DSI
611,Wired telecommunications activities,J,Information and communication,Exclude DSI
6110,Wired telecommunications activities,J,Information and communication,Exclude DSI
612,Wireless telecommunications activities,J,Information and communication,Exclude DSI
6120,Wireless telecommunications activities,J,Information and communication,Exclude DSI
613,Satellite telecommunications activities,J,Information and communication,Exclude DSI
6130,Satellite telecommunications activities,J,Information and communication,Exclude DSI
619,Other telecommunications activities,J,Information and communication,Exclude DSI
6190,Other telecommunications activities,J,Information and communication,Exclude DSI
62,"Computer programming, consultancy and related activities",J,Information and communication,Review DSI
620,"Computer programming, consultancy and related activities",J,Information and communication,Review DSI
6201,Computer programming activities,J,Information and communication,"Information, scientific & technical services including artificial intelligence"
6202,Computer consultancy and computer facilities management activities,J,Information and communication,"Information, scientific & technical services including artificial intelligence"
6209,Other information technology and computer service activities,J,Information and communication,"Information, scientific & technical services including artificial intelligence"
63,Information service activities,J,Information and communication,Review DSI
631,"Data processing, hosting and related activities; web portals",J,Information and communication,Review DSI
6311,"Data processing, hosting and related activities",J,Information and communication,"Information, scientific & technical services including artificial intelligence"
6312,Web portals,J,Information and communication,Review DSI
639,Other information service activities,J,Information and communication,Review DSI
6391,News agency activities,J,Information and communication,Exclude DSI
6399,Other information service activities n.e.c.,J,Information and communication,Review DSI
64,"Financial service activities, except insurance and pension funding",K,Financial and insurance activities,Exclude DSI
641,Monetary intermediation,K,Financial and insurance activities,Exclude DSI
6411,Central banking,K,Financial and insurance activities,Exclude DSI
6419,Other monetary intermediation,K,Financial and insurance activities,Exclude DSI
642,Activities of holding companies,K,Financial and insurance activities,Exclude DSI
6420,Activities of holding companies,K,Financial and insurance activities,Exclude DSI
643,"Trusts, funds and similar financial entities",K,Financial and insurance activities,Exclude DSI
6430,"Trusts, funds and similar financial entities",K,Financial and insurance activities,Exclude DSI
649,"Other financial service activities, except insurance and pension funding activities",K,Financial and insurance activities,Exclude DSI
6491,Financial leasing,K,Financial and insurance activities,Exclude DSI
6492,Other credit granting,K,Financial and insurance activities,Exclude DSI
6499,"Other financial service activities, except insurance and pension funding activities, n.e.c.",K,Financial and insurance activities,Exclude DSI
65,"Insurance, reinsurance and pension funding, except compulsory social security",K,Financial and insurance activities,Exclude DSI
651,Insurance,K,Financial and insurance activities,Exclude DSI
6511,Life insurance,K,Financial and insurance activities,Exclude DSI
6512,Non-life insurance,K,Financial and insurance activities,Exclude DSI
652,Reinsurance,K,Financial and insurance activities,Exclude DSI
6520,Reinsurance,K,Financial and insurance activities,Exclude DSI
653,Pension funding,K,Financial and insurance activities,Exclude DSI
6530,Pension funding,K,Financial and insurance activities,Exclude DSI
66,Activities auxiliary to financial service and insurance activities,K,Financial and insurance activities,Exclude DSI
661,"Activities auxiliary to financial service activities, except insurance and pension funding",K,Financial and insurance activities,Exclude DSI
6611,Administration of financial markets,K,Financial and insurance activities,Exclude DSI
6612,Security and commodity contracts brokerage,K,Financial and insurance activities,Exclude DSI
6619,Other activities auxiliary to financial service activities,K,Financial and insurance activities,Exclude DSI
662,Activities auxiliary to insurance and pension funding,K,Financial and insurance activities,Exclude DSI
6621,Risk and damage evaluation,K,Financial and insurance activities,Exclude DSI
6622,Activities of insurance agents and brokers,K,Financial and insurance activities,Exclude DSI
6629,Other activities auxiliary to insurance and pension funding,K,Financial and insurance activities,Exclude DSI
663,Fund management activities,K,Financial and insurance activities,Exclude DSI
L,Real estate activities,L,Real estate activities,Exclude DSI
68,Real estate activities,L,Real estate activities,Exclude DSI
681,Real estate activities with own or leased property,L,Real estate activities,Exclude DSI
6810,Real estate activities with own or leased property,L,Real estate activities,Exclude DSI
682,Real estate activities on a fee or contract basis,L,Real estate activities,Exclude DSI
6820,Real estate activities on a fee or contract basis,L,Real estate activities,Exclude DSI
69,Legal and accounting activities,M,"Professional, scientific and technical activities",Exclude DSI
691,Legal activities,M,"Professional, scientific and technical activities",Exclude DSI
6910,Legal activities,M,"Professional, scientific and technical activities",Exclude DSI
692,"Accounting, bookkeeping and auditing activities; tax consultancy",M,"Professional, scientific and technical activities",Exclude DSI
6920,"Accounting, bookkeeping and auditing activities; tax consultancy",M,"Professional, scientific and technical activities",Exclude DSI
70,Activities of head offices; management consultancy activities,M,"Professional, scientific and technical activities",Exclude DSI
701,Activities of head offices,M,"Professional, scientific and technical activities",Exclude DSI
7010,Activities of head offices,M,"Professional, scientific and technical activities",Exclude DSI
702,Management consultancy activities,M,"Professional, scientific and technical activities",Exclude DSI
7020,Management consultancy activities,M,"Professional, scientific and technical activities",Exclude DSI
71,Architectural and engineering activities; technical testing and analysis,M,"Professional, scientific and technical activities",Exclude DSI
711,Architectural and engineering activities and related technical consultancy,M,"Professional, scientific and technical activities",Exclude DSI
7110,Architectural and engineering activities and related technical consultancy,M,"Professional, scientific and technical activities",Exclude DSI
712,Technical testing and analysis,M,"Professional, scientific and technical activities",Exclude DSI
7120,Technical testing and analysis,M,"Professional, scientific and technical activities",Exclude DSI
72,Scientific research and development,M,"Professional, scientific and technical activities",Review DSI
721,Research and experimental development on natural sciences and engineering,M,"Professional, scientific and technical activities",Biotechnology
7210,Research and experimental development on natural sciences and engineering,M,"Professional, scientific and technical activities",Biotechnology
722,Research and experimental development on social sciences and humanities,M,"Professional, scientific and technical activities",Exclude DSI
7220,Research and experimental development on social sciences and humanities,M,"Professional, scientific and technical activities",Exclude DSI
73,Advertising and market research,M,"Professional, scientific and technical activities",Exclude DSI
731,Advertising,M,"Professional, scientific and technical activities",Exclude DSI
7310,Advertising,M,"Professional, scientific and technical activities",Exclude DSI
732,Market research and public opinion polling,M,"Professional, scientific and technical activities",Exclude DSI
7320,Market research and public opinion polling,M,"Professional, scientific and technical activities",Exclude DSI
74,"Other professional, scientific and technical activities",M,"Professional, scientific and technical activities",Exclude DSI
741,Specialized design activities,M,"Professional, scientific and technical activities",Exclude DSI
7410,Specialized design activities,M,"Professional, scientific and technical activities",Exclude DSI
742,Photographic activities,M,"Professional, scientific and technical activities",Exclude DSI
7420,Photographic activities,M,"Professional, scientific and technical activities",Exclude DSI
749,"Other professional, scientific and technical activities n.e.c.",M,"Professional, scientific and technical activities",Review DSI
7490,"Other professional, scientific and technical activities n.e.c.",M,"Professional, scientific and technical activities",Review DSI
75,Veterinary activities,M,"Professional, scientific and technical activities",Review DSI
750,Veterinary activities,M,"Professional, scientific and technical activities",Review DSI
7500,Veterinary activities,M,"Professional, scientific and technical activities",Review DSI
77,Rental and leasing activities,N,Administrative and support service activities,Exclude DSI
771,Renting and leasing of motor vehicles,N,Administrative and support service activities,Exclude DSI
7710,Renting and leasing of motor vehicles,N,Administrative and support service activities,Exclude DSI
772,Renting and leasing of personal and household goods,N,Administrative and support service activities,Exclude DSI
7721,Renting and leasing of recreational and sports goods,N,Administrative and support service activities,Exclude DSI
7722,Renting of video tapes and disks,N,Administrative and support service activities,Exclude DSI
7729,Renting and leasing of other personal and household goods,N,Administrative and support service activities,Exclude DSI
773,"Renting and leasing of other machinery, equipment and tangible goods",N,Administrative and support service activities,Exclude DSI
7730,"Renting and leasing of other machinery, equipment and tangible goods",N,Administrative and support service activities,Exclude DSI
774,"Leasing of intellectual property and similar products, except copyrighted works",N,Administrative and support service activities,Exclude DSI
7740,"Leasing of intellectual property and similar products, except copyrighted works",N,Administrative and support service activities,Exclude DSI
78,Employment activities,N,Administrative and support service activities,Exclude DSI
781,Activities of employment placement agencies,N,Administrative and support service activities,Exclude DSI
7810,Activities of employment placement agencies,N,Administrative and support service activities,Exclude DSI
782,Temporary employment agency activities,N,Administrative and support service activities,Exclude DSI
7820,Temporary employment agency activities,N,Administrative and support service activities,Exclude DSI
783,Other human resources provision,N,Administrative and support service activities,Exclude DSI
7830,Other human resources provision,N,Administrative and support service activities,Exclude DSI
79,"Travel agency, tour operator, reservation service and related activities",N,Administrative and support service activities,Exclude DSI
791,Travel agency and tour operator activities,N,Administrative and support service activities,Exclude DSI
7911,Travel agency activities,N,Administrative and support service activities,Exclude DSI
7912,Tour operator activities,N,Administrative and support service activities,Exclude DSI
799,Other reservation service and related activities,N,Administrative and support service activities,Exclude DSI
7990,Other reservation service and related activities,N,Administrative and support service activities,Exclude DSI
80,Security and investigation activities,N,Administrative and support service activities,Exclude DSI
801,Private security activities,N,Administrative and support service activities,Exclude DSI
8010,Private security activities,N,Administrative and support service activities,Exclude DSI
802,Security systems service activities,N,Administrative and support service activities,Exclude DSI
8020,Security systems service activities,N,Administrative and support service activities,Exclude DSI
803,Investigation activities,N,Administrative and support service activities,Exclude DSI
8030,Investigation activities,N,Administrative and support service activities,Exclude DSI
81,Services to buildings and landscape activities,N,Administrative and support service activities,Exclude DSI
811,Combined facilities support activities,N,Administrative and support service activities,Exclude DSI
8110,Combined facilities support activities,N,Administrative and support service activities,Exclude DSI
812,Cleaning activities,N,Administrative and support service activities,Exclude DSI
8121,General cleaning of buildings,N,Administrative and support service activities,Exclude DSI
8129,Other building and industrial cleaning activities,N,Administrative and support service activities,Exclude DSI
813,Landscape care and maintenance service activities,N,Administrative and support service activities,Exclude DSI
8130,Landscape care and maintenance service activities,N,Administrative and support service activities,Exclude DSI
82,"Office administrative, office support and other business support activities",N,Administrative and support service activities,Exclude DSI
821,Office administrative and support activities,N,Administrative and support service activities,Exclude DSI
8211,Combined office administrative service activities,N,Administrative and support service activities,Exclude DSI
8219,"Photocopying, document preparation and other specialized office support activities",N,Administrative and support service activities,Exclude DSI
822,Activities of call centres,N,Administrative and support service activities,Exclude DSI
8220,Activities of call centres,N,Administrative and support service activities,Exclude DSI
823,Organization of conventions and trade shows,N,Administrative and support service activities,Exclude DSI
8230,Organization of conventions and trade shows,N,Administrative and support service activities,Exclude DSI
829,Business support service activities n.e.c.,N,Administrative and support service activities,Exclude DSI
8291,Activities of collection agencies and credit bureaus,N,Administrative and support service activities,Exclude DSI
8292,Packaging activities,N,Administrative and support service activities,Exclude DSI
8299,Other business support service activities n.e.c.,N,Administrative and support service activities,Exclude DSI
84,Public administration and defence; compulsory social security,O,Public administration and defence; compulsory social security,Exclude DSI
841,Administration of the State and the economic and social policy of the community,O,Public administration and defence; compulsory social security,Exclude DSI
8411,General public administration activities,O,Public administration and defence; compulsory social security,Exclude DSI
8412,"Regulation of the activities of providing health care, education, cultural services and other social services, excluding social security",O,Public administration and defence; compulsory social security,Exclude DSI
8413,Regulation of and contribution to more efficient operation of businesses,O,Public administration and defence; compulsory social security,Exclude DSI
842,Provision of services to the community as a whole,O,Public administration and defence; compulsory social security,Exclude DSI
8421,Foreign affairs,O,Public administration and defence; compulsory social security,Exclude DSI
8422,Defence activities,O,Public administration and defence; compulsory social security,Exclude DSI
8423,Public order and safety activities,O,Public administration and defence; compulsory social security,Exclude DSI
843,Compulsory social security activities,O,Public administration and defence; compulsory social security,Exclude DSI
8430,Compulsory social security activities,O,Public administration and defence; compulsory social security,Exclude DSI
85,Education,P,Education,Exclude DSI
851,Pre-primary and primary education,P,Education,Exclude DSI
8510,Pre-primary and primary education,P,Education,Exclude DSI
852,Secondary education,P,Education,Exclude DSI
8521,General secondary education,P,Education,Exclude DSI
8522,Technical and vocational secondary education,P,Education,Exclude DSI
853,Higher education,P,Education,Exclude DSI
8530,Higher education,P,Education,Exclude DSI
854,Other education,P,Education,Exclude DSI
8541,Sports and recreation education,P,Education,Exclude DSI
8542,Cultural education,P,Education,Exclude DSI
8549,Other education n.e.c.,P,Education,Exclude DSI
855,Educational support activities,P,Education,Exclude DSI
8550,Educational support activities,P,Education,Exclude DSI
86,Human health activities,Q,Human health and social work activities,Exclude DSI
861,Hospital activities,Q,Human health and social work activities,Exclude DSI
8610,Hospital activities,Q,Human health and social work activities,Exclude DSI
862,Medical and dental practice activities,Q,Human health and social work activities,Exclude DSI
8620,Medical and dental practice activities,Q,Human health and social work activities,Exclude DSI
869,Other human health activities,Q,Human health and social work activities,Exclude DSI
8690,Other human health activities,Q,Human health and social work activities,Exclude DSI
87,Residential care activities,Q,Human health and social work activities,Exclude DSI
871,Residential nursing care facilities,Q,Human health and social work activities,Exclude DSI
8710,Residential nursing care facilities,Q,Human health and social work activities,Exclude DSI
872,"Residential care activities for mental retardation, mental health and substance abuse",Q,Human health and social work activities,Exclude DSI
8720,"Residential care activities for mental retardation, mental health and substance abuse",Q,Human health and social work activities,Exclude DSI
873,Residential care activities for the elderly and disabled,Q,Human health and social work activities,Exclude DSI
8730,Residential care activities for the elderly and disabled,Q,Human health and social work activities,Exclude DSI
879,Other residential care activities,Q,Human health and social work activities,Exclude DSI
8790,Other residential care activities,Q,Human health and social work activities,Exclude DSI
88,Social work activities without accommodation,Q,Human health and social work activities,Exclude DSI
881,Social work activities without accommodation for the elderly and disabled,Q,Human health and social work activities,Exclude DSI
8810,Social work activities without accommodation for the elderly and disabled,Q,Human health and social work activities,Exclude DSI
889,Other social work activities without accommodation,Q,Human health and social work activities,Exclude DSI
8890,Other social work activities without accommodation,Q,Human health and social work activities,Exclude DSI
90,"Creative, arts and entertainment activities",R,"Arts, entertainment and recreation",Exclude DSI
900,"Creative, arts and entertainment activities",R,"Arts, entertainment and recreation",Exclude DSI
9000,"Creative, arts and entertainment activities",R,"Arts, entertainment and recreation",Exclude DSI
91,"Libraries, archives, museums and other cultural activities",R,"Arts, entertainment and recreation",Exclude DSI
910,"Libraries, archives, museums and other cultural activities",R,"Arts, entertainment and recreation",Exclude DSI
9101,Library and archives activities,R,"Arts, entertainment and recreation",Exclude DSI
9102,Museums activities and operation of historical sites and buildings,R,"Arts, entertainment and recreation",Exclude DSI
9103,Botanical and zoological gardens and nature reserves activities,R,"Arts, entertainment and recreation",Exclude DSI
92,Gambling and betting activities,R,"Arts, entertainment and recreation",Exclude DSI
920,Gambling and betting activities,R,"Arts, entertainment and recreation",Exclude DSI
9200,Gambling and betting activities,R,"Arts, entertainment and recreation",Exclude DSI
93,Sports activities and amusement and recreation activities,R,"Arts, entertainment and recreation",Exclude DSI
931,Sports activities,R,"Arts, entertainment and recreation",Exclude DSI
9311,Operation of sports facilities,R,"Arts, entertainment and recreation",Exclude DSI
9312,Activities of sports clubs,R,"Arts, entertainment and recreation",Exclude DSI
9319,Other sports activities,R,"Arts, entertainment and recreation",Exclude DSI
932,Other amusement and recreation activities,R,"Arts, entertainment and recreation",Exclude DSI
9321,Activities of amusement parks and theme parks,R,"Arts, entertainment and recreation",Exclude DSI
9329,Other amusement and recreation activities n.e.c.,R,"Arts, entertainment and recreation",Exclude DSI
94,Activities of membership organizations,S,Other service activities,Exclude DSI
941,"Activities of business, employers and professional membership organizations",S,Other service activities,Exclude DSI
9411,Activities of business and employers membership organizations,S,Other service activities,Exclude DSI
9412,Activities of professional membership organizations,S,Other service activities,Exclude DSI
942,Activities of trade unions,S,Other service activities,Exclude DSI
9420,Activities of trade unions,S,Other service activities,Exclude DSI
949,Activities of other membership organizations,S,Other service activities,Exclude DSI
9491,Activities of religious organizations,S,Other service activities,Exclude DSI
9492,Activities of political organizations,S,Other service activities,Exclude DSI
9499,Activities of other membership organizations n.e.c.,S,Other service activities,Exclude DSI
95,Repair of computers and personal and household goods,S,Other service activities,Exclude DSI
951,Repair of computers and communication equipment,S,Other service activities,Exclude DSI
9511,Repair of computers and peripheral equipment,S,Other service activities,Exclude DSI
9512,Repair of communication equipment,S,Other service activities,Exclude DSI
952,Repair of personal and household goods,S,Other service activities,Exclude DSI
9521,Repair of consumer electronics,S,Other service activities,Exclude DSI
9522,Repair of household appliances and home and garden equipment,S,Other service activities,Exclude DSI
9523,Repair of footwear and leather goods,S,Other service activities,Exclude DSI
9524,Repair of furniture and home furnishings,S,Other service activities,Exclude DSI
9529,Repair of other personal and household goods,S,Other service activities,Exclude DSI
96,Other personal service activities,S,Other service activities,Exclude DSI
960,Other personal service activities,S,Other service activities,Exclude DSI
9601,Washing and (dry-) cleaning of textile and fur products,S,Other service activities,Exclude DSI
9602,Hairdressing and other beauty treatment,S,Other service activities,Exclude DSI
9603,Funeral and related activities,S,Other service activities,Exclude DSI
9609,Other personal service activities n.e.c.,S,Other service activities,Exclude DSI
97,Activities of households as employers of domestic personnel,T,Activities of households as employers; undifferentiated goods- and services-producing activities of households for own use,Exclude DSI
970,Activities of households as employers of domestic personnel,T,Activities of households as employers; undifferentiated goods- and services-producing activities of households for own use,Exclude DSI
9700,Activities of households as employers of domestic personnel,T,Activities of households as employers; undifferentiated goods- and services-producing activities of households for own use,Exclude DSI
98,Undifferentiated goods- and services-producing activities of private households for own use,T,Activities of households as employers; undifferentiated goods- and services-producing activities of households for own use,Exclude DSI
981,Undifferentiated goods-producing activities of private households for own use,T,Activities of households as employers; undifferentiated goods- and services-producing activities of households for own use,Exclude DSI
9810,Undifferentiated goods-producing activities of private households for own use,T,Activities of households as employers; undifferentiated goods- and services-producing activities of households for own use,Exclude DSI
982,Undifferentiated service-producing activities of private households for own use,T,Activities of households as employers; undifferentiated goods- and services-producing activities of households for own use,Exclude DSI
9820,Undifferentiated service-producing activities of private households for own use,T,Activities of households as employers; undifferentiated goods- and services-producing activities of households for own use,Exclude DSI
99,Activities of extraterritorial organizations and bodies,U,Activities of extraterritorial organizations and bodies,Exclude DSI
990,Activities of extraterritorial organizations and bodies,U,Activities of extraterritorial organizations and bodies,Exclude DSI
9900,Activities of extraterritorial organizations and bodies,U,Activities of extraterritorial organizations and bodies,Exclude DSI